,-10,-9,-8,-7,-6,-5,-4,-3,-2,-1,0,1,2,3,4,5,6,7,8,9,10
-260,-6.458,-6.457,-6.456,-6.455,-6.453,-6.452,-6.45,-6.448,-6.446,-6.444,-6.441,-6.438,-6.436,-6.433999999999999,-6.4319999999999995,-6.43,-6.428999999999999,-6.427,-6.425999999999999,-6.425,-6.4239999999999995
-250,-6.441,-6.438,-6.435,-6.432,-6.429,-6.425,-6.421,-6.417,-6.413,-6.408,-6.404,-6.3999999999999995,-6.395,-6.391,-6.387,-6.383,-6.379,-6.3759999999999994,-6.373,-6.37,-6.367
-240,-6.404,-6.399,-6.393,-6.388,-6.382,-6.377,-6.37,-6.364,-6.358,-6.351,-6.344,-6.337000000000001,-6.330000000000001,-6.324000000000001,-6.3180000000000005,-6.311000000000001,-6.306000000000001,-6.300000000000001,-6.295000000000001,-6.289000000000001,-6.284000000000001
-230,-6.344,-6.337,-6.329,-6.322,-6.314,-6.306,-6.297,-6.289,-6.28,-6.271,-6.262,-6.252999999999999,-6.243999999999999,-6.234999999999999,-6.226999999999999,-6.217999999999999,-6.209999999999999,-6.201999999999999,-6.194999999999999,-6.186999999999999,-6.179999999999999
-220,-6.262,-6.252,-6.243,-6.233,-6.223,-6.213,-6.202,-6.192,-6.181,-6.17,-6.158,-6.146000000000001,-6.135000000000001,-6.1240000000000006,-6.114000000000001,-6.103000000000001,-6.093000000000001,-6.083000000000001,-6.073,-6.064000000000001,-6.054000000000001
-210,-6.158,-6.147,-6.135,-6.123,-6.111,-6.099,-6.087,-6.074,-6.061,-6.048,-6.035,-6.022,-6.009,-5.996,-5.9830000000000005,-5.971,-5.9590000000000005,-5.947,-5.9350000000000005,-5.923,-5.912
-200,-6.035,-6.021,-6.007,-5.994,-5.98,-5.965,-5.951,-5.936,-5.922,-5.907,-5.891,-5.875,-5.86,-5.846,-5.831,-5.817,-5.802,-5.788,-5.775,-5.761,-5.747
-190,-5.891,-5.876,-5.861,-5.845,-5.829,-5.813,-5.797,-5.78,-5.763,-5.747,-5.73,-5.713000000000001,-5.697000000000001,-5.680000000000001,-5.663000000000001,-5.647000000000001,-5.631000000000001,-5.615000000000001,-5.599000000000001,-5.5840000000000005,-5.569000000000001
-180,-5.73,-5.713,-5.695,-5.678,-5.66,-5.642,-5.624,-5.606,-5.588,-5.569,-5.55,-5.531,-5.512,-5.494,-5.476,-5.457999999999999,-5.4399999999999995,-5.422,-5.404999999999999,-5.387,-5.369999999999999
-170,-5.55,-5.531,-5.512,-5.493,-5.474,-5.454,-5.435,-5.415,-5.395,-5.374,-5.354,-5.3340000000000005,-5.313000000000001,-5.293,-5.273000000000001,-5.2540000000000004,-5.234,-5.215,-5.196000000000001,-5.1770000000000005,-5.158
-160,-5.354,-5.333,-5.313,-5.292,-5.271,-5.25,-5.228,-5.207,-5.185,-5.163,-5.141,-5.119,-5.097,-5.075,-5.054,-5.032,-5.011,-4.99,-4.969,-4.949,-4.928
-150,-5.141,-5.119,-5.097,-5.074,-5.052,-5.029,-5.006,-4.983,-4.96,-4.936,-4.913,-4.890000000000001,-4.8660000000000005,-4.843000000000001,-4.82,-4.797000000000001,-4.774000000000001,-4.752000000000001,-4.729,-4.707000000000001,-4.6850000000000005
-140,-4.913,-4.889,-4.865,-4.841,-4.817,-4.793,-4.768,-4.744,-4.719,-4.694,-4.669,-4.643999999999999,-4.618999999999999,-4.593999999999999,-4.569999999999999,-4.544999999999999,-4.520999999999999,-4.496999999999999,-4.472999999999999,-4.448999999999999,-4.424999999999999
-130,-4.669,-4.644,-4.618,-4.593,-4.567,-4.542,-4.516,-4.49,-4.463,-4.437,-4.411,-4.384999999999999,-4.358999999999999,-4.331999999999999,-4.305999999999999,-4.279999999999999,-4.254999999999999,-4.228999999999999,-4.203999999999999,-4.177999999999999,-4.153
-120,-4.411,-4.384,-4.357,-4.33,-4.303,-4.276,-4.249,-4.221,-4.194,-4.166,-4.138,-4.109999999999999,-4.082,-4.055,-4.027,-4.0,-3.973,-3.9459999999999997,-3.9189999999999996,-3.8919999999999995,-3.865
-110,-4.138,-4.11,-4.082,-4.054,-4.025,-3.997,-3.968,-3.939,-3.911,-3.882,-3.852,-3.8219999999999996,-3.7929999999999997,-3.7649999999999997,-3.7359999999999998,-3.707,-3.6789999999999994,-3.6499999999999995,-3.622,-3.5939999999999994,-3.566
-100,-3.852,-3.823,-3.794,-3.764,-3.734,-3.705,-3.675,-3.645,-3.614,-3.584,-3.554,-3.5239999999999996,-3.4939999999999998,-3.4629999999999996,-3.433,-3.4029999999999996,-3.3739999999999997,-3.344,-3.3139999999999996,-3.2849999999999997,-3.256
-90,-3.554,-3.523,-3.492,-3.462,-3.431,-3.4,-3.368,-3.337,-3.306,-3.274,-3.243,-3.2119999999999997,-3.1799999999999997,-3.1489999999999996,-3.118,-3.086,-3.0549999999999997,-3.0239999999999996,-2.9939999999999998,-2.9629999999999996,-2.932
-80,-3.243,-3.211,-3.179,-3.147,-3.115,-3.083,-3.05,-3.018,-2.986,-2.953,-2.92,-2.887,-2.8539999999999996,-2.822,-2.79,-2.7569999999999997,-2.7249999999999996,-2.693,-2.661,-2.629,-2.597
-70,-2.92,-2.887,-2.854,-2.821,-2.788,-2.755,-2.721,-2.688,-2.654,-2.62,-2.587,-2.5540000000000003,-2.5200000000000005,-2.486,-2.4530000000000003,-2.4190000000000005,-2.3860000000000006,-2.353,-2.3200000000000003,-2.2870000000000004,-2.2540000000000004
-60,-2.587,-2.553,-2.519,-2.485,-2.45,-2.416,-2.382,-2.347,-2.312,-2.278,-2.243,-2.2079999999999997,-2.174,-2.139,-2.1039999999999996,-2.07,-2.0359999999999996,-2.001,-1.9669999999999996,-1.9329999999999998,-1.8989999999999996
-50,-2.243,-2.208,-2.173,-2.138,-2.103,-2.067,-2.032,-1.996,-1.961,-1.925,-1.889,-1.853,-1.817,-1.782,-1.746,-1.7109999999999999,-1.6749999999999998,-1.6400000000000001,-1.605,-1.5699999999999998,-1.5350000000000001
-40,-1.889,-1.854,-1.818,-1.782,-1.745,-1.709,-1.673,-1.637,-1.6,-1.564,-1.527,-1.4899999999999998,-1.4539999999999997,-1.4169999999999998,-1.3809999999999998,-1.3449999999999998,-1.3089999999999997,-1.2719999999999998,-1.2359999999999998,-1.1999999999999997,-1.1649999999999998
-30,-1.527,-1.49,-1.453,-1.417,-1.38,-1.343,-1.305,-1.268,-1.231,-1.194,-1.156,-1.1179999999999999,-1.0809999999999997,-1.0439999999999998,-1.007,-0.9689999999999999,-0.9319999999999999,-0.8949999999999998,-0.8589999999999998,-0.8219999999999998,-0.7849999999999999
-20,-1.156,-1.119,-1.081,-1.043,-1.006,-0.968,-0.93,-0.892,-0.854,-0.816,-0.778,-0.7400000000000001,-0.7020000000000001,-0.664,-0.626,-0.5880000000000001,-0.55,-0.5130000000000001,-0.4750000000000001,-0.43700000000000006,-0.40000000000000013
-10,-0.778,-0.739,-0.701,-0.663,-0.624,-0.586,-0.547,-0.508,-0.47,-0.431,-0.392,-0.35300000000000004,-0.31400000000000006,-0.276,-0.237,-0.19800000000000006,-0.16000000000000003,-0.121,-0.08300000000000007,-0.04500000000000004,-0.006000000000000005
0,-0.392,-0.353,-0.314,-0.275,-0.236,-0.197,-0.157,-0.118,-0.079,-0.039,0.0,0.039,0.079,0.119,0.158,0.198,0.238,0.277,0.317,0.357,0.397
10,-0.0040000000000000036,0.03600000000000003,0.07600000000000007,0.11699999999999999,0.15700000000000003,0.19700000000000006,0.237,0.277,0.31700000000000006,0.35700000000000004,0.397,0.437,0.477,0.517,0.557,0.597,0.637,0.677,0.718,0.758,0.798
20,0.393,0.43300000000000005,0.474,0.5150000000000001,0.5550000000000002,0.5960000000000001,0.6360000000000001,0.677,0.7170000000000001,0.7580000000000001,0.798,0.838,0.879,0.919,0.96,1.0,1.041,1.081,1.122,1.163,1.203
30,0.794,0.8350000000000002,0.8760000000000001,0.917,0.9580000000000002,0.9990000000000001,1.04,1.08,1.1210000000000002,1.1620000000000001,1.203,1.244,1.285,1.326,1.366,1.407,1.448,1.489,1.53,1.571,1.612
40,1.201,1.2420000000000002,1.2830000000000001,1.3250000000000002,1.366,1.4070000000000003,1.4480000000000002,1.489,1.5300000000000002,1.5710000000000002,1.612,1.653,1.694,1.735,1.776,1.817,1.858,1.899,1.941,1.982,2.023
50,1.6100000000000003,1.6510000000000002,1.6920000000000002,1.7340000000000004,1.7750000000000004,1.8160000000000003,1.858,1.8990000000000005,1.9400000000000004,1.9820000000000002,2.023,2.064,2.106,2.147,2.188,2.23,2.271,2.312,2.354,2.395,2.436
60,2.021,2.062,2.104,2.145,2.187,2.2279999999999998,2.27,2.311,2.3529999999999998,2.3939999999999997,2.436,2.478,2.519,2.561,2.602,2.644,2.685,2.727,2.768,2.81,2.851
70,2.435,2.477,2.518,2.56,2.602,2.643,2.685,2.726,2.768,2.809,2.851,2.893,2.934,2.976,3.017,3.059,3.1,3.142,3.184,3.225,3.267
80,2.852,2.8939999999999997,2.9349999999999996,2.977,3.018,3.0599999999999996,3.101,3.143,3.1839999999999997,3.226,3.267,3.308,3.35,3.391,3.433,3.474,3.516,3.557,3.599,3.64,3.682
90,3.268,3.309,3.351,3.392,3.433,3.475,3.516,3.558,3.5989999999999998,3.641,3.682,3.723,3.765,3.806,3.848,3.889,3.931,3.972,4.013,4.055,4.096
100,3.683,3.724,3.7650000000000006,3.8070000000000004,3.848,3.8890000000000002,3.9300000000000006,3.9720000000000004,4.013,4.054,4.096,4.138,4.179,4.22,4.262,4.303,4.344,4.385,4.427,4.468,4.509
110,4.098000000000001,4.139000000000001,4.180000000000001,4.221000000000001,4.2620000000000005,4.303000000000001,4.344,4.385000000000001,4.4270000000000005,4.468000000000001,4.509,4.55,4.591,4.633,4.674,4.715,4.756,4.797,4.838,4.879,4.92
120,4.512,4.552,4.593,4.6339999999999995,4.675,4.716,4.756,4.797,4.838,4.879,4.92,4.961,5.002,5.043,5.084,5.124,5.165,5.206,5.247,5.288,5.328
130,4.921,4.962000000000001,5.003000000000001,5.043,5.0840000000000005,5.1240000000000006,5.165000000000001,5.206,5.246,5.287000000000001,5.328,5.369,5.41,5.45,5.491,5.532,5.572,5.613,5.653,5.694,5.735
140,5.332000000000001,5.372000000000001,5.412000000000001,5.453,5.493,5.533,5.574000000000001,5.614000000000001,5.655,5.695,5.735,5.775,5.815,5.856,5.896,5.937,5.977,6.017,6.058,6.098,6.138
150,5.736,5.776,5.816,5.856,5.896,5.936999999999999,5.976999999999999,6.0169999999999995,6.0569999999999995,6.0969999999999995,6.138,6.179,6.219,6.259,6.299,6.339,6.38,6.42,6.46,6.5,6.54
160,6.139,6.179,6.219,6.259,6.299,6.339,6.3790000000000004,6.42,6.46,6.5,6.54,6.58,6.62,6.66,6.701,6.741,6.781,6.821,6.861,6.901,6.941
170,6.542,6.582,6.622,6.662,6.702,6.742,6.782,6.822,6.861,6.901,6.941,6.981,7.021,7.06,7.1,7.14,7.18,7.22,7.26,7.3,7.34
180,6.941,6.981,7.021,7.061,7.101,7.14,7.18,7.22,7.26,7.3,7.34,7.38,7.42,7.46,7.5,7.54,7.579,7.619,7.659,7.699,7.739
190,7.34,7.379,7.4190000000000005,7.459,7.499,7.539,7.579,7.619,7.659,7.699,7.739,7.779,7.819,7.859,7.899,7.939,7.979,8.019,8.059,8.099,8.138
200,7.737,7.776999999999999,7.818,7.8580000000000005,7.898,7.938000000000001,7.978,8.018,8.058,8.097999999999999,8.138,8.178,8.218,8.258,8.298,8.338,8.378,8.418,8.458,8.499,8.539
210,8.138,8.177999999999999,8.218,8.258999999999999,8.299,8.338999999999999,8.379,8.418999999999999,8.459,8.498999999999999,8.539,8.579,8.619,8.659,8.699,8.739,8.779,8.819,8.86,8.9,8.94
220,8.536999999999999,8.578,8.617999999999999,8.658,8.699,8.738999999999999,8.778999999999998,8.818999999999999,8.86,8.899999999999999,8.94,8.98,9.02,9.061,9.101,9.141,9.181,9.222,9.262,9.302,9.343
230,8.939,8.979,9.02,9.06,9.100999999999999,9.141,9.182,9.222,9.263,9.303,9.343,9.383,9.423,9.464,9.504,9.545,9.585,9.626,9.666,9.707,9.747
240,9.341,9.381,9.422,9.463,9.503,9.544,9.584999999999999,9.625,9.666,9.706,9.747,9.788,9.828,9.869,9.909,9.95,9.991,10.031,10.072,10.113,10.153
250,9.745000000000001,9.786000000000001,9.826,9.867,9.908000000000001,9.949000000000002,9.99,10.030000000000001,10.071000000000002,10.112,10.153,10.194,10.235,10.276,10.316,10.357,10.398,10.439,10.48,10.52,10.561
260,10.151,10.192,10.233,10.274,10.315,10.356,10.397,10.438,10.479,10.52,10.561,10.602,10.643,10.684,10.725,10.766,10.807,10.848,10.889,10.93,10.971
270,10.56,10.601,10.642,10.683,10.725,10.766,10.807,10.848,10.889,10.93,10.971,11.012,11.053,11.094,11.135,11.176,11.217,11.259,11.3,11.341,11.382
280,10.969,11.011,11.052,11.093,11.133999999999999,11.176,11.216999999999999,11.258,11.299,11.341,11.382,11.423,11.465,11.506,11.547,11.588,11.63,11.671,11.712,11.753,11.795
290,11.381,11.423,11.464,11.506,11.547,11.589,11.629999999999999,11.671,11.713,11.754,11.795,11.836,11.877,11.919,11.96,12.001,12.043,12.084,12.126,12.167,12.209
300,11.793999999999999,11.835999999999999,11.878,11.918999999999999,11.960999999999999,12.001999999999999,12.043999999999999,12.084999999999999,12.126999999999999,12.168,12.209,12.25,12.291,12.333,12.374,12.416,12.457,12.499,12.54,12.582,12.624
310,12.208000000000002,12.250000000000002,12.292000000000002,12.333000000000002,12.375000000000002,12.417000000000002,12.458000000000002,12.500000000000002,12.541,12.583000000000002,12.624,12.665,12.707,12.748,12.79,12.831,12.873,12.915,12.956,12.998,13.04
320,12.622999999999998,12.665,12.706999999999999,12.748999999999999,12.79,12.831999999999999,12.873999999999999,12.915,12.956999999999999,12.998999999999999,13.04,13.081,13.123,13.165,13.206,13.248,13.29,13.331,13.373,13.415,13.457
330,13.040000000000001,13.081000000000001,13.123000000000001,13.165000000000001,13.207,13.249000000000002,13.290000000000001,13.332,13.374000000000002,13.416000000000002,13.457,13.498,13.54,13.582,13.624,13.665,13.707,13.749,13.791,13.833,13.874
340,13.455000000000002,13.497000000000002,13.539000000000001,13.581000000000001,13.622000000000002,13.664000000000001,13.706000000000001,13.748000000000001,13.790000000000001,13.832,13.874,13.916,13.958,14.0,14.042,14.084,14.126,14.167,14.209,14.251,14.293
350,13.873,13.915,13.956999999999999,13.998999999999999,14.040999999999999,14.082999999999998,14.124999999999998,14.166999999999998,14.208999999999998,14.250999999999998,14.293,14.335,14.377,14.419,14.461,14.503,14.545,14.587,14.629,14.671,14.713
360,14.293,14.334999999999999,14.376999999999999,14.418999999999999,14.460999999999999,14.502999999999998,14.544999999999998,14.586999999999998,14.628999999999998,14.670999999999998,14.713,14.755,14.797,14.839,14.881,14.923,14.965,15.007,15.049,15.091,15.133
370,14.711999999999998,14.754999999999999,14.796999999999999,14.838999999999999,14.880999999999998,14.922999999999998,14.964999999999998,15.006999999999998,15.048999999999998,15.090999999999998,15.133,15.175,15.217,15.259,15.301,15.343,15.385,15.427,15.469,15.511,15.554
380,15.133000000000001,15.175,15.217,15.259,15.302000000000001,15.344000000000001,15.386000000000001,15.428,15.47,15.512,15.554,15.596,15.638,15.68,15.722,15.764,15.806,15.849,15.891,15.933,15.975
390,15.553,15.594999999999999,15.637,15.68,15.721999999999998,15.764,15.806000000000001,15.847999999999999,15.890999999999998,15.933,15.975,16.017,16.059,16.102,16.144,16.186,16.228,16.27,16.313,16.355,16.397
400,15.973999999999997,16.016,16.058999999999997,16.100999999999996,16.142999999999997,16.185999999999996,16.227999999999998,16.269999999999996,16.311999999999998,16.354999999999997,16.397,16.439,16.482,16.524,16.566,16.608,16.651,16.693,16.735,16.778,16.82
410,16.397000000000002,16.439,16.482,16.524,16.566,16.609,16.651,16.693,16.736,16.778000000000002,16.82,16.862,16.904,16.947,16.989,17.031,17.074,17.116,17.158,17.201,17.243
420,16.818999999999996,16.862,16.903999999999996,16.945999999999998,16.988999999999997,17.031,17.072999999999997,17.115999999999996,17.157999999999998,17.200999999999997,17.243,17.285,17.328,17.37,17.413,17.455,17.497,17.54,17.582,17.624,17.667
430,17.243000000000002,17.285000000000004,17.328000000000003,17.370000000000005,17.413000000000004,17.455000000000002,17.497000000000003,17.540000000000003,17.582000000000004,17.625000000000004,17.667,17.709,17.752,17.794,17.837,17.879,17.921,17.964,18.006,18.049,18.091
440,17.666000000000004,17.709000000000003,17.751,17.794,17.836000000000002,17.879,17.921000000000003,17.964000000000002,18.006000000000004,18.048000000000002,18.091,18.134,18.176,18.218,18.261,18.303,18.346,18.388,18.431,18.473,18.516
450,18.090999999999998,18.133999999999997,18.175999999999995,18.218999999999998,18.260999999999996,18.303999999999995,18.345999999999997,18.388999999999996,18.430999999999997,18.473999999999997,18.516,18.558,18.601,18.643,18.686,18.728,18.771,18.813,18.856,18.898,18.941
460,18.516,18.557999999999996,18.601,18.642999999999997,18.685999999999996,18.727999999999998,18.770999999999997,18.813999999999997,18.855999999999998,18.898999999999997,18.941,18.983,19.026,19.068,19.111,19.154,19.196,19.239,19.281,19.324,19.366
470,18.939999999999998,18.982,19.025,19.067999999999998,19.11,19.153,19.195,19.238,19.281,19.323,19.366,19.409,19.451,19.494,19.537,19.579,19.622,19.664,19.707,19.75,19.792
480,19.366000000000003,19.409000000000002,19.451000000000004,19.494000000000003,19.536000000000005,19.579000000000004,19.622000000000003,19.664,19.707000000000004,19.749000000000002,19.792,19.835,19.877,19.92,19.962,20.005,20.048,20.09,20.133,20.175,20.218
490,19.792,19.834,19.877,19.92,19.962,20.005,20.047,20.09,20.133,20.175,20.218,20.261,20.303,20.346,20.389,20.431,20.474,20.516,20.559,20.602,20.644
500,20.216999999999995,20.259999999999998,20.302999999999997,20.344999999999995,20.387999999999998,20.430999999999997,20.472999999999995,20.516,20.557999999999996,20.600999999999996,20.644,20.687,20.73,20.772,20.815,20.857,20.9,20.943,20.985,21.028,21.071
510,20.645000000000003,20.688000000000002,20.730000000000004,20.773000000000003,20.816000000000003,20.858000000000004,20.901000000000003,20.943,20.986000000000004,21.029000000000003,21.071,21.113,21.156,21.199,21.241,21.284,21.326,21.369,21.412,21.454,21.497
520,21.07,21.113,21.156,21.198,21.241,21.284,21.326,21.369,21.412,21.454,21.497,21.54,21.582,21.625,21.668,21.71,21.753,21.796,21.838,21.881,21.924
530,21.497999999999998,21.541,21.583,21.625999999999998,21.669,21.711,21.753999999999998,21.796,21.839,21.881999999999998,21.924,21.966,22.009,22.052,22.094,22.137,22.179,22.222,22.265,22.307,22.35
540,21.924000000000003,21.966,22.009000000000004,22.051000000000002,22.094,22.137000000000004,22.179000000000002,22.222,22.265000000000004,22.307000000000002,22.35,22.393,22.435,22.478,22.521,22.563,22.606,22.649,22.691,22.734,22.776
550,22.349,22.392,22.435,22.477,22.52,22.562,22.605,22.648,22.69,22.733,22.776,22.819,22.862,22.904,22.947,22.99,23.032,23.075,23.117,23.16,23.203
560,22.776999999999997,22.82,22.862,22.904999999999998,22.948,22.99,23.032999999999998,23.075,23.118,23.160999999999998,23.203,23.245,23.288,23.331,23.373,23.416,23.458,23.501,23.544,23.586,23.629
570,23.203000000000003,23.246000000000002,23.288000000000004,23.331000000000003,23.374000000000002,23.416000000000004,23.459000000000003,23.501,23.544000000000004,23.587000000000003,23.629,23.671,23.714,23.757,23.799,23.842,23.884,23.927,23.97,24.012,24.055
580,23.63,23.672,23.715,23.756999999999998,23.8,23.843,23.884999999999998,23.928,23.97,24.012999999999998,24.055,24.097,24.14,24.182,24.225,24.267,24.31,24.353,24.395,24.438,24.48
590,24.055,24.097,24.14,24.182000000000002,24.225,24.267,24.310000000000002,24.352,24.395,24.437,24.48,24.523,24.565,24.608,24.65,24.693,24.735,24.778,24.82,24.863,24.905
600,24.480000000000004,24.522000000000002,24.565,24.607000000000003,24.650000000000002,24.692000000000004,24.735000000000003,24.777,24.820000000000004,24.862000000000002,24.905,24.948,24.99,25.033,25.075,25.118,25.16,25.203,25.245,25.288,25.33
610,24.904999999999998,24.947999999999997,24.989999999999995,25.032999999999998,25.074999999999996,25.116999999999997,25.159999999999997,25.201999999999998,25.244999999999997,25.286999999999995,25.33,25.373,25.415,25.458,25.5,25.543,25.585,25.627,25.67,25.712,25.755
620,25.331,25.374,25.415999999999997,25.458,25.500999999999998,25.543,25.586,25.627999999999997,25.669999999999998,25.712999999999997,25.755,25.797,25.84,25.882,25.924,25.967,26.009,26.052,26.094,26.136,26.179
630,25.755999999999997,25.798,25.840999999999998,25.882999999999996,25.924999999999997,25.967999999999996,26.009999999999998,26.051999999999996,26.094999999999995,26.136999999999997,26.179,26.221,26.263,26.306,26.348,26.39,26.433,26.475,26.517,26.56,26.602
640,26.179000000000002,26.221,26.264,26.306,26.348,26.39,26.433,26.475,26.517,26.560000000000002,26.602,26.644,26.687,26.729,26.771,26.814,26.856,26.898,26.94,26.983,27.025
650,26.602999999999998,26.644999999999996,26.686999999999998,26.729999999999997,26.772,26.813999999999997,26.855999999999998,26.897999999999996,26.940999999999995,26.982999999999997,27.025,27.067,27.109,27.152,27.194,27.236,27.278,27.32,27.363,27.405,27.447
660,27.025,27.067999999999998,27.11,27.151999999999997,27.194,27.235999999999997,27.278,27.319999999999997,27.363,27.404999999999998,27.447,27.489,27.531,27.574,27.616,27.658,27.7,27.742,27.784,27.826,27.869
670,27.448999999999998,27.491,27.533,27.575,27.617,27.659,27.701,27.743,27.785,27.826999999999998,27.869,27.911,27.953,27.995,28.037,28.079,28.121,28.163,28.205,28.247,28.289
680,27.868000000000002,27.910000000000004,27.952,27.994000000000003,28.036,28.078000000000003,28.120000000000005,28.162000000000003,28.204000000000004,28.246000000000002,28.289,28.332,28.374,28.416,28.458,28.5,28.542,28.584,28.626,28.668,28.71
690,28.291,28.333000000000002,28.375,28.417,28.459000000000003,28.501,28.543000000000003,28.585,28.626,28.668000000000003,28.71,28.752,28.794,28.835,28.877,28.919,28.961,29.003,29.045,29.087,29.129
700,28.710000000000004,28.752000000000002,28.794000000000004,28.836000000000002,28.878000000000004,28.92,28.961000000000002,29.003000000000004,29.045,29.087000000000003,29.129,29.171,29.213,29.255,29.297,29.338,29.38,29.422,29.464,29.506,29.548
710,29.130999999999997,29.171999999999997,29.213999999999995,29.255999999999997,29.298,29.338999999999995,29.380999999999997,29.423,29.464999999999996,29.506999999999998,29.548,29.589,29.631,29.673,29.715,29.757,29.798,29.84,29.882,29.924,29.965
720,29.548,29.589,29.631,29.673,29.714,29.756,29.798,29.84,29.881,29.923,29.965,30.007,30.049,30.09,30.132,30.174,30.216,30.257,30.299,30.341,30.382
730,29.966000000000005,30.007,30.049000000000003,30.090000000000003,30.132,30.174000000000003,30.215000000000003,30.257,30.298000000000002,30.340000000000003,30.382,30.424,30.466,30.507,30.549,30.59,30.632,30.674,30.715,30.757,30.798
740,30.382999999999996,30.423999999999996,30.465999999999998,30.506999999999998,30.548999999999996,30.589999999999996,30.631999999999998,30.673,30.714999999999996,30.755999999999997,30.798,30.84,30.881,30.923,30.964,31.006,31.047,31.089,31.13,31.172,31.213
750,30.798000000000002,30.840000000000003,30.881,30.922,30.964000000000002,31.005000000000003,31.047,31.088,31.130000000000003,31.171000000000003,31.213,31.255,31.296,31.338,31.379,31.421,31.462,31.504,31.545,31.586,31.628
760,31.215000000000003,31.256,31.298000000000002,31.339,31.38,31.422,31.463,31.504,31.546,31.587,31.628,31.669,31.71,31.752,31.793,31.834,31.876,31.917,31.958,32.0,32.041
770,31.62899999999999,31.669999999999995,31.71099999999999,31.751999999999995,31.792999999999992,31.834999999999994,31.87599999999999,31.916999999999994,31.95799999999999,31.999999999999993,32.041,32.082,32.124,32.165,32.206,32.247,32.289,32.33,32.371,32.412,32.453
780,32.041000000000004,32.08200000000001,32.123000000000005,32.16400000000001,32.206,32.24700000000001,32.288000000000004,32.32900000000001,32.370000000000005,32.41100000000001,32.453,32.495,32.536,32.577,32.618,32.659,32.7,32.742,32.783,32.824,32.865
790,32.455000000000005,32.496,32.537000000000006,32.578,32.61900000000001,32.660000000000004,32.701,32.742000000000004,32.783,32.824000000000005,32.865,32.906,32.947,32.988,33.029,33.07,33.111,33.152,33.193,33.234,33.275
800,32.864999999999995,32.906,32.946999999999996,32.988,33.028999999999996,33.07,33.111,33.151999999999994,33.193,33.233999999999995,33.275,33.316,33.357,33.398,33.439,33.48,33.521,33.562,33.603,33.644,33.685
810,33.277,33.31700000000001,33.358000000000004,33.39900000000001,33.440000000000005,33.481,33.522000000000006,33.562000000000005,33.603,33.644000000000005,33.685,33.726,33.767,33.808,33.848,33.889,33.93,33.971,34.012,34.053,34.093
820,33.68500000000001,33.726000000000006,33.766000000000005,33.80700000000001,33.848000000000006,33.88900000000001,33.92900000000001,33.970000000000006,34.01100000000001,34.05200000000001,34.093,34.134,34.175,34.216,34.257,34.297,34.338,34.379,34.42,34.46,34.501
830,34.093999999999994,34.135,34.175999999999995,34.215999999999994,34.257,34.297999999999995,34.337999999999994,34.379,34.419999999999995,34.459999999999994,34.501,34.542,34.582,34.623,34.664,34.704,34.745,34.786,34.826,34.867,34.908
840,34.503,34.543,34.584,34.624,34.665,34.706,34.746,34.787,34.827000000000005,34.868,34.908,34.948,34.989,35.029,35.07,35.11,35.151,35.192,35.232,35.273,35.313
850,34.908,34.949000000000005,34.989000000000004,35.03000000000001,35.07000000000001,35.11000000000001,35.151,35.191,35.232000000000006,35.272000000000006,35.313,35.354,35.394,35.435,35.475,35.516,35.556,35.596,35.637,35.677,35.718
860,35.315000000000005,35.355000000000004,35.39500000000001,35.43600000000001,35.476000000000006,35.516000000000005,35.55700000000001,35.59700000000001,35.638000000000005,35.678000000000004,35.718,35.758,35.798,35.839,35.879,35.92,35.96,36.0,36.041,36.081,36.121
870,35.718,35.758,35.79900000000001,35.839000000000006,35.879000000000005,35.919000000000004,35.96000000000001,36.00000000000001,36.040000000000006,36.080000000000005,36.121,36.162,36.202,36.242,36.282,36.323,36.363,36.403,36.443,36.484,36.524
880,36.123000000000005,36.163000000000004,36.203,36.243,36.283,36.323,36.363,36.404,36.444,36.484,36.524,36.564,36.604,36.644,36.685,36.725,36.765,36.805,36.845,36.885,36.925
890,36.523999999999994,36.56399999999999,36.60399999999999,36.64399999999999,36.684,36.724,36.763999999999996,36.803999999999995,36.843999999999994,36.88499999999999,36.925,36.965,37.006,37.046,37.086,37.126,37.166,37.206,37.246,37.286,37.326
900,36.927,36.966,37.006,37.046,37.086,37.126,37.166000000000004,37.206,37.246,37.286,37.326,37.366,37.406,37.446,37.486,37.526,37.566,37.606,37.646,37.686,37.725
910,37.326,37.366,37.406000000000006,37.445,37.485,37.525000000000006,37.565000000000005,37.605000000000004,37.645,37.685,37.725,37.765,37.805,37.845,37.885,37.925,37.965,38.005,38.044,38.084,38.124
920,37.726000000000006,37.766000000000005,37.806000000000004,37.846000000000004,37.885000000000005,37.925000000000004,37.965,38.005,38.044000000000004,38.084,38.124,38.164,38.204,38.243,38.283,38.323,38.363,38.402,38.442,38.482,38.522
930,38.126,38.166,38.205,38.245,38.284,38.324,38.364,38.403,38.443,38.483,38.522,38.561,38.601,38.641,38.68,38.72,38.76,38.799,38.839,38.878,38.918
940,38.522,38.562,38.601,38.641,38.681,38.72,38.76,38.799,38.839,38.878,38.918,38.958,38.997,39.037,39.076,39.116,39.155,39.195,39.235,39.274,39.314
950,38.92,38.959,38.999,39.038,39.078,39.117,39.157000000000004,39.196,39.235,39.275,39.314,39.353,39.393,39.432,39.471,39.511,39.55,39.59,39.629,39.669,39.708
960,39.315,39.354,39.392999999999994,39.431999999999995,39.471999999999994,39.510999999999996,39.55,39.589999999999996,39.629,39.669,39.708,39.747,39.787,39.826,39.866,39.905,39.944,39.984,40.023,40.062,40.101
970,39.708,39.747,39.787,39.826,39.864999999999995,39.903999999999996,39.943,39.983,40.022,40.061,40.101,40.141,40.18,40.219,40.259,40.298,40.337,40.376,40.415,40.455,40.494
980,40.103,40.142,40.181,40.22,40.259,40.298,40.336999999999996,40.377,40.416,40.455,40.494,40.533,40.572,40.611,40.651,40.69,40.729,40.768,40.807,40.846,40.885
990,40.49399999999999,40.532999999999994,40.571999999999996,40.611,40.65,40.68899999999999,40.727999999999994,40.767999999999994,40.806999999999995,40.846,40.885,40.924,40.963,41.002,41.042,41.081,41.12,41.159,41.198,41.237,41.276
1000,40.88700000000001,40.92600000000001,40.965,41.004000000000005,41.043000000000006,41.08200000000001,41.12100000000001,41.159000000000006,41.19800000000001,41.23700000000001,41.276,41.315,41.354,41.393,41.431,41.47,41.509,41.548,41.587,41.626,41.665
1010,41.277,41.315999999999995,41.354,41.393,41.431999999999995,41.471,41.51,41.549,41.586999999999996,41.626,41.665,41.704,41.743,41.781,41.82,41.859,41.898,41.937,41.976,42.014,42.053
1020,41.666,41.70399999999999,41.742999999999995,41.782,41.81999999999999,41.858999999999995,41.897999999999996,41.937,41.974999999999994,42.013999999999996,42.053,42.092,42.131,42.169,42.208,42.247,42.286,42.324,42.363,42.402,42.44
1030,42.053999999999995,42.092,42.13099999999999,42.169,42.208,42.24699999999999,42.285,42.324,42.361999999999995,42.400999999999996,42.44,42.479,42.518,42.556,42.595,42.633,42.672,42.711,42.749,42.788,42.826
1040,42.441,42.479,42.518,42.556000000000004,42.595,42.633,42.672000000000004,42.71,42.749,42.787,42.826,42.865,42.903,42.942,42.98,43.019,43.057,43.096,43.134,43.173,43.211
1050,42.827,42.864999999999995,42.903999999999996,42.942,42.98,43.019,43.056999999999995,43.095,43.134,43.172,43.211,43.25,43.288,43.327,43.365,43.403,43.442,43.48,43.518,43.557,43.595
1060,43.211999999999996,43.25,43.288999999999994,43.327,43.364999999999995,43.403,43.442,43.48,43.518,43.556999999999995,43.595,43.633,43.672,43.71,43.748,43.787,43.825,43.863,43.901,43.94,43.978
1070,43.597,43.635000000000005,43.673,43.711000000000006,43.749,43.787000000000006,43.826,43.864000000000004,43.902,43.940000000000005,43.978,44.016,44.054,44.092,44.13,44.169,44.207,44.245,44.283,44.321,44.359
1080,43.978,44.016000000000005,44.054,44.092000000000006,44.13,44.168000000000006,44.206,44.245000000000005,44.283,44.321000000000005,44.359,44.397,44.435,44.473,44.512,44.55,44.588,44.626,44.664,44.702,44.74
1090,44.361000000000004,44.399,44.437000000000005,44.475,44.513000000000005,44.551,44.589000000000006,44.627,44.664,44.702000000000005,44.74,44.778,44.816,44.853,44.891,44.929,44.967,45.005,45.043,45.081,45.119
1100,44.741,44.778999999999996,44.817,44.855,44.892,44.93,44.967999999999996,45.006,45.044,45.081,45.119,45.157,45.194,45.232,45.27,45.308,45.346,45.383,45.421,45.459,45.497
1110,45.121,45.158,45.196,45.234,45.271,45.309,45.347,45.384,45.422,45.46,45.497,45.534,45.572,45.61,45.647,45.685,45.723,45.76,45.798,45.836,45.873
1120,45.49699999999999,45.535,45.571999999999996,45.60999999999999,45.647,45.684999999999995,45.721999999999994,45.76,45.797999999999995,45.834999999999994,45.873,45.911,45.948,45.986,46.024,46.061,46.099,46.136,46.174,46.211,46.249
1130,45.87500000000001,45.913000000000004,45.95,45.987,46.025000000000006,46.062000000000005,46.1,46.13700000000001,46.17400000000001,46.212,46.249,46.286,46.324,46.361,46.398,46.436,46.473,46.511,46.548,46.585,46.623
1140,46.251,46.288,46.324999999999996,46.361999999999995,46.398999999999994,46.437,46.474,46.510999999999996,46.54899999999999,46.586,46.623,46.66,46.697,46.735,46.772,46.809,46.847,46.884,46.921,46.958,46.995
1150,46.623,46.66,46.696999999999996,46.733999999999995,46.77199999999999,46.809,46.846,46.882999999999996,46.919999999999995,46.956999999999994,46.995,47.033,47.07,47.107,47.144,47.181,47.218,47.256,47.293,47.33,47.367
1160,46.99699999999999,47.03399999999999,47.071,47.108,47.144999999999996,47.181999999999995,47.218999999999994,47.25599999999999,47.29299999999999,47.32999999999999,47.367,47.404,47.441,47.478,47.515,47.552,47.589,47.626,47.663,47.7,47.737
1170,47.36900000000001,47.405,47.44200000000001,47.479000000000006,47.516000000000005,47.553000000000004,47.59,47.626000000000005,47.663000000000004,47.7,47.737,47.774,47.811,47.848,47.884,47.921,47.958,47.995,48.032,48.069,48.105
1180,47.736999999999995,47.773999999999994,47.81099999999999,47.846999999999994,47.88399999999999,47.92099999999999,47.95799999999999,47.99399999999999,48.03099999999999,48.06799999999999,48.105,48.142,48.179,48.216,48.252,48.289,48.326,48.363,48.399,48.436,48.473
1190,48.108,48.144,48.181,48.217,48.254,48.29,48.327,48.364,48.4,48.437,48.473,48.509,48.546,48.582,48.619,48.656,48.692,48.729,48.765,48.802,48.838
1200,48.474000000000004,48.510000000000005,48.546,48.583,48.619,48.655,48.692,48.728,48.765,48.801,48.838,48.875,48.911,48.948,48.984,49.021,49.057,49.093,49.13,49.166,49.202
1210,48.839,48.87499999999999,48.910999999999994,48.94799999999999,48.983999999999995,49.019999999999996,49.056,49.092999999999996,49.129,49.165,49.202,49.239,49.275,49.311,49.348,49.384,49.42,49.456,49.493,49.529,49.565
1220,49.20399999999999,49.239999999999995,49.275999999999996,49.312,49.348,49.38399999999999,49.419999999999995,49.455999999999996,49.492999999999995,49.528999999999996,49.565,49.601,49.637,49.674,49.71,49.746,49.782,49.818,49.854,49.89,49.926
1230,49.566,49.602000000000004,49.638000000000005,49.67400000000001,49.71,49.746,49.782000000000004,49.818000000000005,49.854000000000006,49.89,49.926,49.962,49.998,50.034,50.07,50.106,50.142,50.178,50.214,50.25,50.286
1240,49.928000000000004,49.964000000000006,50.0,50.035000000000004,50.071000000000005,50.107,50.143,50.179,50.214000000000006,50.25,50.286,50.322,50.358,50.393,50.429,50.465,50.501,50.537,50.572,50.608,50.644
1250,50.288,50.32299999999999,50.358999999999995,50.394,50.43,50.465999999999994,50.501,50.537,50.57299999999999,50.608,50.644,50.68,50.715,50.751,50.787,50.822,50.858,50.894,50.929,50.965,51.0
1260,50.645,50.68,50.716,50.751,50.787,50.822,50.858,50.893,50.929,50.964,51.0,51.036,51.071,51.107,51.142,51.178,51.213,51.249,51.284,51.32,51.355
1270,51.001999999999995,51.03699999999999,51.071999999999996,51.10699999999999,51.142999999999994,51.178,51.212999999999994,51.248999999999995,51.28399999999999,51.318999999999996,51.355,51.391,51.426,51.461,51.497,51.532,51.567,51.603,51.638,51.673,51.708
1280,51.355999999999995,51.391,51.425999999999995,51.461,51.495999999999995,51.531,51.567,51.602,51.63699999999999,51.672,51.708,51.744,51.779,51.814,51.849,51.885,51.92,51.955,51.99,52.025,52.06
1290,51.71000000000001,51.745000000000005,51.78,51.815000000000005,51.85,51.885000000000005,51.92,51.955000000000005,51.99,52.025000000000006,52.06,52.095,52.13,52.165,52.2,52.235,52.27,52.305,52.34,52.375,52.41
1300,52.06099999999999,52.096,52.13099999999999,52.16599999999999,52.199999999999996,52.23499999999999,52.269999999999996,52.30499999999999,52.339999999999996,52.37499999999999,52.41,52.445,52.48,52.515,52.55,52.585,52.62,52.654,52.689,52.724,52.759
1310,52.412,52.447,52.481,52.516,52.551,52.586,52.62,52.655,52.69,52.724000000000004,52.759,52.794,52.828,52.863,52.898,52.932,52.967,53.002,53.037,53.071,53.106
1320,52.761,52.795,52.830000000000005,52.864000000000004,52.899,52.933,52.968,53.002,53.037000000000006,53.072,53.106,53.14,53.175,53.21,53.244,53.279,53.313,53.348,53.382,53.417,53.451
1330,53.107,53.141,53.175000000000004,53.21,53.244,53.279,53.313,53.347,53.382,53.416000000000004,53.451,53.486,53.52,53.555,53.589,53.623,53.658,53.692,53.727,53.761,53.795
1340,53.452000000000005,53.486000000000004,53.521,53.55500000000001,53.589000000000006,53.623000000000005,53.658,53.692,53.726000000000006,53.760000000000005,53.795,53.83,53.864,53.898,53.932,53.967,54.001,54.035,54.069,54.104,54.138
1350,53.797,53.830999999999996,53.864999999999995,53.898999999999994,53.93299999999999,53.967999999999996,54.001999999999995,54.035999999999994,54.06999999999999,54.104,54.138,54.172,54.206,54.24,54.274,54.308,54.343,54.377,54.411,54.445,54.479
1360,54.138999999999996,54.173,54.207,54.241,54.275,54.309,54.342999999999996,54.376999999999995,54.411,54.445,54.479,54.513,54.547,54.581,54.615,54.649,54.683,54.717,54.751,54.785,54.819
